{"cameraMode":{"drawMode":0,"name":"Shaded","section":"Shading Mode"},"sceneLighting":true,"audioPlay":false,"sceneViewState":{"showFog":true,"showMaterialUpdate":true,"showSkybox":true,"showFlares":true,"showImageEffects":true,"showParticleSystems":true},"in2DMode":false,"pivot":{"x":0.820303201675415,"y":1.120652437210083,"z":0.9202983379364014},"rotation":{"x":0.075752392411232,"y":0.8472042083740234,"z":-0.12571759521961213,"w":0.5105926394462586},"size":3.3059794902801515,"orthographic":false}