{"cameraMode":{"drawMode":0,"name":"Shaded","section":"Shading Mode"},"sceneLighting":true,"audioPlay":false,"sceneViewState":{"showFog":true,"showMaterialUpdate":true,"showSkybox":true,"showFlares":true,"showImageEffects":true,"showParticleSystems":true},"in2DMode":false,"pivot":{"x":160.75448608398438,"y":33.177268981933597,"z":-126.45805358886719},"rotation":{"x":-0.009071418084204197,"y":0.9125165343284607,"z":0.020251214504241945,"w":0.40847480297088625},"size":284.22894287109377,"orthographic":false}