{"cameraMode":{"drawMode":0,"name":"Shaded","section":"Shading Mode"},"sceneLighting":true,"audioPlay":false,"sceneViewState":{"showFog":true,"showMaterialUpdate":true,"showSkybox":true,"showFlares":true,"showImageEffects":true,"showParticleSystems":true},"in2DMode":false,"pivot":{"x":-0.004197835922241211,"y":0.9419897794723511,"z":0.001896500587463379},"rotation":{"x":0.05903894826769829,"y":0.9267728328704834,"z":-0.16463875770568849,"w":0.3324163556098938},"size":9.997858047485352,"orthographic":false}