{"cameraMode":{"drawMode":0,"name":"Shaded","section":"Shading Mode"},"sceneLighting":true,"audioPlay":false,"sceneViewState":{"showFog":true,"showMaterialUpdate":false,"showSkybox":true,"showFlares":true,"showImageEffects":true,"showParticleSystems":true},"in2DMode":false,"pivot":{"x":2.5034070014953615,"y":0.2754414975643158,"z":1.9160301685333253},"rotation":{"x":-0.07636558264493942,"y":0.9223093390464783,"z":-0.2407289445400238,"w":-0.2925954759120941},"size":39.335968017578128,"orthographic":false}