{"cameraMode":{"drawMode":0,"name":"Shaded","section":"Shading Mode"},"sceneLighting":false,"audioPlay":false,"sceneViewState":{"showFog":true,"showMaterialUpdate":false,"showSkybox":false,"showFlares":true,"showImageEffects":true,"showParticleSystems":true},"in2DMode":false,"pivot":{"x":-11.654354095458985,"y":5.467358112335205,"z":4.762119770050049},"rotation":{"x":-0.3351280093193054,"y":-0.26826730370521548,"z":0.10015051066875458,"w":-0.897659420967102},"size":5.414495944976807,"orthographic":false}