{"cameraMode":{"drawMode":0,"name":"Shaded","section":"Shading Mode"},"sceneLighting":false,"audioPlay":false,"sceneViewState":{"showFog":true,"showMaterialUpdate":false,"showSkybox":false,"showFlares":true,"showImageEffects":true,"showParticleSystems":true},"in2DMode":false,"pivot":{"x":-4.340000152587891,"y":0.8999999165534973,"z":2.358999729156494},"rotation":{"x":-0.105802021920681,"y":0.8374974131584168,"z":-0.17484259605407716,"w":-0.5068141222000122},"size":4.1204938888549809,"orthographic":false}