{"cameraMode":{"drawMode":0,"name":"Shaded","section":"Shading Mode"},"sceneLighting":true,"audioPlay":false,"sceneViewState":{"showFog":true,"showMaterialUpdate":false,"showSkybox":true,"showFlares":true,"showImageEffects":true,"showParticleSystems":true},"in2DMode":false,"pivot":{"x":2.360473155975342,"y":1.7177797555923463,"z":1.187671422958374},"rotation":{"x":-0.3351280093193054,"y":-0.26826730370521548,"z":0.10015051066875458,"w":-0.897659420967102},"size":28.477724075317384,"orthographic":false}